1,Chennai
2,Mumbai
3,Bengaluru
4,Hyderabad
5,Chennai
6,Jaipur
7,Mumbai
8,Bengaluru
9,Chennai
10,Kolkata
11,Jaipur
12,Mumbai
13,Chennai
14,Chandigarh
15,Kolkata
16,Jaipur
17,Chennai
18,Delhi
19,Chandigarh
20,Kolkata
21,Chennai
22,Hyderabad
23,Delhi
24,Chandigarh
25,Chennai
26,Bengaluru
27,Hyderabad
28,Delhi
29,Mumbai
30,Jaipur
31,Kolkata
32,Chandigarh
33,Jaipur
34,Kolkata
35,Chandigarh
36,Delhi
37,Kolkata
38,Chandigarh
39,Delhi
40,Hyderabad
41,Chandigarh
42,Delhi
43,Hyderabad
44,Bengaluru
45,Delhi
46,Hyderabad
47,Bengaluru
48,Mumbai
49,Hyderabad
50,Bengaluru
51,Mumbai
52,Jaipur
53,Bengaluru
54,Mumbai
55,Jaipur
56,Kolkata
